,,,,,,,,,,,,,,,,,,,,,,,,,,,,,,,,,,,,,,,,,,,,,,,,,,,
,,,,,,,,,,,,,,,,,,,,,,,,,,,,,,,,,,,,,,,,,,,,,,,,,,,
,,,,,,,,,,,,,,,,,,,,,,,,,,,,,,,,,,,,,,,,,,,,,,,,,,,
,,,,,,,,,,,,,,,,,,,,,,,,,,,,,,,,,,,,,,,,,,,,,,,,,,,
,,,,,,,,,,,,,,,,,,,,,,,,,,,,,,,,,,,,,,,,,,,,,,,,,,,
,,,,,,,,,,,,,,,,,,,,,,,,,,,,,,,,,,,,,,,,,,,,,,,,,,,
,,,,,,,,,,,,,,,,,,,,,,,,,,,,,,,,,,,,,,,,,,,,,,,,,,,
,,,,,,,,,,,,,,,,,,,,,,,,,,,,,,,,,,,,,,,,,,,,,,,,,,,
,,,,,,,,,,,,,,,,,,,,,,,,,,,,,,,,,,,,,,,,,,,,,,,,,,,
,,,,,,,,,,,,,,,,,,,,,,,,,,,,,,,,,,,,,,,,,,,,,,,,,,,
,,,,,,,,,,,,,,,,,,,,,,,,,,,,,,,,,,,,,,,,,,,,,,,,,,,
,,,,,,,,,,,,,,,,,,,,,,,,,,,,,,,,,,,,,,,,,,,,,,,,,,,
,,,,,,,,,,,,,,,,,,,,,,,,,,,,,,,,,,,,,,,,,,,,,,,,,,,
,,,,,,,,,tree-1,,,,,,,,,,,,,,tree-1,,,,,,,,,,,,tree-1,,,,,,,,,,,,,,tree-1,,
,,,,,,,,,,,,tree-1,,,,,,tree-1,,,,,,,,,,,,,,,,,,,,tree-1,,,,,,tree-1,,,,,,,
,,,,,,,,,,,,,,,,,,,,,,,,,tree-1,,,,,,,,,,,,,,,,,,,,,,,,,,tree-1
,,,,,tree-1,,,,,,,,,,,tree-1,,,,,,,,,,,tree-1,,,,tree-1,,,,,,,,,,,tree-1,,,,,,,,,
,,,,,,,,,,tree-1,,,,,,,,,,,,,,,,,,,,,,,,,,tree-1,,,,,,,,,,,,,,,
,,,,,,,,,,,,,,,,,,,,,,,,,,,,,,,,,,,,,,,,,,,,,,,,,,,
,,,,,,,,,,,,,,,,,,,,,tree-1,,,,,,,tree-1,,,,,,,,,,,,,,,,,,,tree-1,,,,
,,,,,,,tree-1,,,,,,,,,,tree-1,,,,,,,,,,tree-1,,,,,,tree-1,,,,,,,,,,tree-1,,,,,,,,
,,,,tree-1,,,,,,,,tree-1,,,,,,,,,,,,,,,,,,tree-1,,,,,,,,tree-1,,,,,,,,,,,,,
,,,,,,,,,,,,,,,,,,,,,,,,,,,,,,,,,,,,,,,,,,,,,,,,,,,
,,,,,,,,,,,tree-1,,,,,,,,,tree-1,,,,,,,,,,,,,,,,,tree-1,,,,,,,,,tree-1,,,,,
,,,,,,,,,,,,,,,,,,,,,,,,,,,,,,,,,,,,,,,,,,,,,,,,,,,
,,,,,,,,,,,,,,,,,,,,,,,,,,,,,,,,,,,,,,,,,,,,,,,,,,,
,,,,,,,,,,,,,,,,,,,,,,,,,tree-1,,,,,,,,,,,,,,,,,,,,,,,,,,tree-1
,,,,,,,,,,,,,,,,,,,,,,,,,,,,,,,,,,,,,,,,,,,,,,,,,,,
,,,,,,,tree-1,,,,,,,,,,,,,,,,,,,,tree-1,,,,,,tree-1,,,,,,,,,,tree-1,,,,,,,,
,,,,,,,,,,,,tree-1,,,,,tree-1,,,,,,,,,,,,,,,,,,,,,,,,,,,,,,,,,,
,,,,tree-1,,,,,,,,,,,,,,,,,,,,,,,,,,tree-1,,,,,,,,tree-1,,,,,,,,,,,,,
,,,,,,,,,,,,,,,,,,,,tree-1,,,,,,,,,,,,,,,,,tree-1,,,,,,,,,tree-1,,,,,
,,,,,,,,,tree-1,,,,,,,,,,,,,,tree-1,,,,,,,,,,,,tree-1,,,,,,,,,,,,,,tree-1,,
,,,,,,,,,,,tree-1,,,,,,,tree-1,,,,,,,,,,,,,,,,,,,,tree-1,,,,,,tree-1,,,,,,,
,,,,,,,,,,,,,,,,,,,,,,,,,,,,,,,,,,,,,,,,,,,,,,,,,,,
,,,,,,,,,,,,,,,,,,,,,,,,,,,,,,,,,,,,,,,,,,,,,,,,,,,
,,,,,,,,,,,,,,,,,,,,,tree-1,,,,,,,tree-1,,,,,,,,,,,,,,,,,,,tree-1,,,,
,,,,,,,,,,,,,,,,,,,,,,,,,,,,,,,,,,,,,,,,,,,,,,,,,,,
,,,,,tree-1,,,,,,,,,,,tree-1,,,,,,,,,,,tree-1,,,,tree-1,,,,,,,,,,,tree-1,,,,,,,,,
,,,,,,,,,,tree-1,,,,,,,,,,,,,,,,,,,,,,,,,,tree-1,,,,,,,,,,,,,,,